id;name;qty
99889765856998;BUKU EXPEDISI 200 PERMATA;0
99889765856997;SERITI BUKU PANJANG 1S;0
9978749260089;BUKU MEWARNAI CB 015;0
997008630136;SERITI BUKU EXP 100;0
99625790052;DIARY SWEET DREAM 7668K;0
9938507651009;SERITI BUKU TULIS HALUS 1'S;0
99373725009;DIARY SPECIAL THINGS D9901;0
99027800939;DIARY HAPPY WHITE TG;0
990025135002;EN DODOL SPECIAL.;0
9887950892388;SURYA TEH CELUP 25'S;0
9887950812201;SURYA TEH CELUP 25'S ASLI;0
9887950812102;SURYA TEH BUBUK 50G;0
9887766776438;BUKU FOLIO 100 GELATIK;0
9887766765438;BUKU FOLIO GK 100;0
9878900000076;BUKU GAMBAR S LUX KW;0
9874561357542;NOTE'S A6 FX 5875;0
9867115688698;LEM RED K;0
9867115688612;LEM RED B;0
9856425545562;DIARY KUNCI BB 001;0
9851679938887;STUDY SET KB 702;0
9851679938863;STUDY SET XL 002;0
98350830842;KERTAS LIPAT WSC 16X16 50S;0
9829018888889;SINGA TEH CELUP 7'SX12;0
9829012051685;SINGA TEH CELUP 25'S;0
9829012041686;TEA COCO CELUP 25'S TEA BAG;0
9799793967997;KAMUS LENGKAP PRIBAHASA INDO;0
9799793967980;BUKU RPAL SJ;0
9799793967973;BUKU RPUL SJ;0
9799793967836;KAMUS MANDARIN TG;0
9799793967782;BUKU ATLAS PUSTAKA ILMU;0
9799793967768;BUKU BELAJAR  PENJUMLAHAN;0
9799793967751;BUKU (B) GLOBAL SJ;0
9799793967737;KAMUS LENGKAP ING-INDO SJ;0
9799793967720;KAMUS 900M PI;0
9799793967713;KAMUS 800M PI;0
9799793967706;KAMUS 700M BHS ING-IND LENGKAP;0
9799793967683;KAMUS BHS.IND SJ;0
9799793967676;BUKU BELAJAR MAMBACA 1A;0
9799793967638;BUKU TUNTUNAN SHALAT B SJ;0
9799793967614;BUKU JUZ AMMA B SJ;0
9799793967607;BUKU BELAJAR  PERKALIAN;0
9799793967591;BUKU PINTAR ANAK JUARA;0
9799793967577;BUKU BELAJAR MEMBACA IB;0
9799793967560;BUKU BELAJAR MEMBACA;0
9799793967515;BUKU SHALAT SUNAH PILIHAN SJ;0
9799793967508;BUKU SIFAT 20  ASMAUL HUSNA;0
9799793967492;BUKU AYAT ALQURAN&ASMAUL HUSNA SJ;0
9799793967485;BUKU TERTAWA BERSAMA ABU NAWAS SJ;0
9799793967478;BUKU TIMUN MAS SJ;0
9799793967454;BUKU SANGKURIANG SJ;0
9799793967447;BUKU PUTRI SALJU SJ;0
9799793967409;BUKU TABEL MTK SJ;0
9799793967393;BUKU ANDE2 LUMUT;0
9799793967386;BUKU MALIN KUNDANG SJ;0
9799793967331;BUKU CINDERELLA SJ;0
9799793967249;BUKU BELAJAR SHALAT&DOA SJ;0
9799793967058;BUKU TUNTUNAN SHALAT TOHA B SJ;0
9799793961773;BUKU KHUTBAH JUM'AAT SJ;0
9799793961742;KAMUS POPULER SAINT&TEHNOLOGI SJ;0
9799793961735;KAMUS POPULER ISTILAH KIMIA SJ;0
9799793961728;BUKU ISTILAH FISIKA;0
9799793961681;BUKU KADO PENGANTIN SJ;0
9799793961667;BUKU PIDACIL SJ;0
9799793961643;BUKU BERTAMBAH KAYA GDN SHALAT DHUH;0
9799793961636;BUKU RPIL SJ;0
9799793961582;BUKU CARA CEPAT MENGUASAI TENSES;0
9799793961568;BUKU MENGENAL DASAR KOMPUTER SJ;0
9799793961551;BUKU PANDUAN INTERNET SJ;0
9799793961520;BUKU BERGURU KEPADA NABI KHIDIR;0
9799793961483;BUKU RATAPAN GADIS DI ATAS KUBUR;0
9799793961452;BUKU KUNCI IBADAH SJ;0
9799793961360;BUKU PINTAR ATLAS SJ;0
9799793961131;BUKU BIMBINGAN SHALAT LENGKAP SJ;0
9799793961124;BUKU BIMBINGAN SHALAT PI/SJ;0
9799793961063;KAMUS BHS PRANCIS SJ;0
9799793955796;BUKU PANDUAN MC&PIDATO;0
9799793955284;BUKU ASMAUL HUSNA AMELIA;0
9799793955024;KAMUS LENGKAP BHS INDO AMELIA;0
9799791935486;BUKU ATLAS TG ITA;0
9799791247008;BUKU JUZ 'AMMA  B;0
979979103591901;BUKU EYD;0
9799791035858;KAMUS B.ING CV,ITA HS;0
9799791035759;KAMUS 900M B CV ITA;0
9799791035728;BUKU SIKSA NERAKA CV ITA;0
9799791035667;KAMUS BHS INDO B ITA;0
9799791035605;KAMUS MINI CV ITA;0
9799791035599;BUKU ATLAS DUNIA K;0
9799791035575;KAMUS 3 BAHASA CV ITA;0
9799791035520;BUKU GAJAH MERINDUKAN KASIH SAYANG;0
9799791035360;KAMUS 9M/1M B CV ITA;0
9799791035230;BUKU 07 KUMPULAN KISAH ABU NAWAS CV;0
9799791035179;BUKU TUNTUNAN BERDOA ANAK CV ITA K;0
9799791035124;BUKU GITAR CV ITA;0
9799791035056;BUKU 25 NABI&RASUL CV ITA;0
9799791035025;BUKU RPUL CV ITA;0
979396735;BUKU DONGENG NABI YUNUS AS SJ;0
979396733;BUKU DONGENG NABI ADAM AS SJ;0
979396722;BUKU DONGENG NABI DAUD AS SJ;0
979396718;BUKU DONGENG NABI YUSUF AS SJ;0
9790901391314;BUKU KUMPULAN LAGU DAERAH BI;0
9790901386013;BUKU LAGU WAJIB 11 MUSIKA;0
9790901386006;BUKU LAGU WAJIB;0
9790901385931;BUKU KUMPULAN LAGU DAERAH TT;0
9789799994776;BUKU PERKAWINAN YG DI DAMBAKAN;0
9789799994745;BUKU HIMPUNAN HADITS QUDSI;0
9789799994721;BUKU KUMPULAN DOA PRINTAH&LARANGAN;0
9789799994714;BUKU HIMPUNAN HADITS SHAHIH ANNUR;0
9789799994707;BUKU KUNCI IBADAH ANNUR;0
9789799451033;BUKU ATLAS DUNIA B CV BR;0
9789799451026;BUKU ATLAS TG CV BUANA RAYA;0
9789799451002;BUKU ATLAS MR BR;0
9789798482281;BUKU FIQH ISLAM;0
9789798031472;BUKU FIQH WANITA TT;0
9789796864522;KAMUS HS ING;0
9789796864515;KAMUS HS INGS-INDO;0
9789794639788;AL-KITAB 032 KJ INDEK;0
9789794639719;AL-KITAB 032;0
9789794639306;AL-KITAB 062 (B) KIDUNG JUM'AT;0
9789794634561;AL-KITAB TB 032 KIDUNG JUMAA'T LB;0
9789794631836;AL-KITAB 052;0
9789794631829;AL KITAB NO 052;0
9789794631133;AL-KITAB TB 034 TI (BULU DOMBA);0
9789794630235;AL-KITAB 052 TI KJ;0
9789794037560;KAMUS HS IND;0
9789793967929;BUKU RPUL GLOBAL SJ;0
9789793967516;BUKU SINONIM&ANTONIM;0
9789793967288;BUKU MASAKAN SEDAP SJ;0
9789793967233;BUKU 99 KISAH ASMAUL HUSNA SJ;0
9789793967172;BUKU ATLAS SJ B;0
9789793967165;BUKU SOSOK WANITA SHALEHAH SJ;0
9789793967158;BUKU SOSOK WANITA SJ;0
9789793967127;BUKU AYAT-AYAT AL-QURAN ASMAUL HUSN;0
9789793967059;BUKU TUNTUNAN DOA DZIKIR&WIRID;0
9789793955926;BUKU KEAJAIBAN HATI AMELIA;0
9789793908267;BUKU INDAHNYA SURGA DAHSYAT NERAKA;0
9789793908168;BUKU PUDING&MINUMAN SK;0
9789793908151;BUKU HIDANGAN AYAM SK;0
9789793908106;SURAT LENGKAP SK;0
9789793908045;BUKU HIMPUNAN DOA-DOA SK;0
9789793908021;BUKU RAHASIA SHOLAT SUNNAH SK;0
9789793738383;BUKU CITA RASA MANCANEGARA ESKA;0
9789793738338;BUKU HIMPUNAN DOA MUSTAJAB ESKA;0
9789793738178;BUKU SHALAT BENAR EM;0
9789793738093;BUKU HIMPUNAN DOA PILIHAN ESKA;0
9789793738086;BUKU CONTOH MUKADIMAH LENGKAP ESKA;0
9789793738031;BUKU MENJADI WANITA SHALIHAH;0
9789792590715;KAMUS ARAB INDO;0
9789792589498;BUKU KEUTAMAAN&KEISTIMEWAAN PM;0
9789792589443;BUKU KELUARNYA DAJJAL PM;0
9789792589429;BUKU AJARAN MAKRIFAT SYEKH SITI JEN;0
9789792464726;BUKU DOA DZIKIR&WIRID SEHARI;0
9789791946216;BUKU TUNTUNAN SHALAT TERLENGKAP UBA;0
9789791943093;BUKU RIZKI MENGALIR BERKAT SHALAT L;0
9789791776820;BUKU KHILA FIYAH DLM SHALAT;0
9789791776806;BUKU MISTERI KEAJAIBAN DOA;0
9789791723091;BUKU AYAT2 SERIBU DINAR;0
9789791723084;BUKU BERSAHABAT DGN MALAIKAT RAHMAT;0
9789791723022;BUKU DAHSYATNYA SYUKUR&TAFAKUR;0
9789791723015;BUKU BERTAMBAH KAYA;0
9789791681001;KAMUS HASTA;0
9789791676106;BUKU WANITA MULIA YG DIJAMIN SURGA;0
9789791602914;BUKU ATLAS GLOBAL MA;0
9789791600439;BUKU INDAHNYA WASIAT NAM;0
9789791592499;BUKU 99 BUTIRAN TASBIH IKHTIAR;0
9789791592451;KAMUS BHS ING TG IKTIAR;0
9789791589932;BUKU MENJADI ISTRI IDAMAN;0
9789791429238;BUKU HADIS QUDSI AMELIA;0
9789791427791;KAMUS SUPER ELITE BERGAMBAR BI;0
9789791427784;BUKU JAKA TARUB&TUJUH BIDADARI BI;0
9789791427692;BUKU RADEN BANTERANG TEBAL;0
9789791427685;BUKU DEWI SANGGALANGIT;0
9789791427678;BUKU DONGENG PUTRI SALJU;0
9789791427654;BUKU ATLAS (K) BI;0
9789791427647;BUKU ATLAS (B) BI;0
9789791427180;BUKU MASAKAN PADANG BI;0
9789791427135;BUKU LAGENDA SI KANCIL BI;0
9789791427128;BUKU MC&PIDATO;0
9789791427081;BUKU 50 DONGENG ANAK MUSLIM;0
9789791427036;BUKU OBAT KUNO BI;0
9789791427012;BUKU KUMPULAN DONGENG NUSANTARA;0
9789791427005;BUKU BAWANG MERAH&BAWANG PUTIH;0
9789791382021;BUKU TEHNIK PRATIS MENGIRINGI LAGU;0
9789791336598;BUKU KUMPULAN RESEP ENAK TENAN;0
9789791096423;BUKU DAJJAL AKAN MUNCUL DR SEGITIGA;0
9789387282452;Art of Indian Coiffures;0
9789354194993;THE 2ND CAN'T GO WRONG BOOK OF COCKTAILS;0
9789354165528;THE CAN'T GO WRONG BOOK OF MOCKTAILS;0
9788194041207;For A Pint of Mother's Milk;0
9787880834611;RAUTAN CS 205;0
9786685787788;KARTU ABSENSI KW;0
9786029939026;BUKU MEMAHAMI AURAT&WANITA;0
9786029939019;BUKU JANGAN PAKSA ALLAH MURKA;0
9786029899221;BUKU PINTAR PUISI&PANTUN;0
9786029869194;BUKU DEKAT ALLAH SAMPAI AJAL TIBA D;0
9786029869149;BUKU DASHYATNYA SEBUAH DOA;0
9786029869101;BUKU BERBISNIS YG BAROKAH;0
9786029770933;BUKU INDAH NYA SURGA;0
9786029770902;BUKU INFOQ SHODAQOH;0
9786029744743;BUKU RPUL RVR;0
9786029744644;BUKU HISHNUL MUSLIM;0
9786029744637;BUKU SHALAT BERSAMA RASULUALLAH;0
9786029681819;BUKU JLN MENUJU SURGA IKTHIAR;0
9786029681802;BUKU SIANG BERDASI MLM BERTASBIH;0
9786029528275;BUKU MISTERI PINTU KEMATIAN;0
9786029528237;BUKU BAGAIMANA BELAJAR IKHLAS;0
9786029528220;BUKU MEMBUKA LANGIT SURGA;0
9786029528213;BUKU MEMAHAMI ARTI SEBUAH MUSIBAH;0
9786029528206;BUKU MENYIBAK DZIKIR;0
9786029489088;KAMUS BHS INDO TG IKTHIAR;0
9786029489071;BUKU INTISARI BAHASA ARAB IKHTIAR;0
9786029489057;BUKU HADIAH TERINDAH UTK AHLI KUBUR;0
9786029489019;BUKU AYAT-AYAT YG TERABAIKAN;0
9786028793513;BUKU TUNTUNAN SHALAT LENGKAP BI;0
9786028793506;BUKU LAGENDA DANAU TOBA BI;0
9786028793278;BUKU KISAH PUTRI CINDERELLA BI;0
9786028793261;BUKU DONGENG ASAL MULA CANDI BORO B;0
9786028793247;BUKU 99 KISAH&MUJIZAT ASMAUL HUSNA;0
9786028793124;KAMUS BHS KOREA TG BI;0
9786028641999;BUKU SHALAT LENGKAP UTK WANITA BI;0
9786028641968;BUKU BATU MENANGIS BI;0
9786028641944;BUKU MASAKAN WR BI;0
9786028641913;BUKU PRIMBON KELAHIRAN KEHIDUPAN;0
9786028641814;BUKU PRIMBON WANITA LENGKAP BI;0
9786028641784;BUKU PIJAT URUT BI;0
9786028641678;BUKU KUNCI IBADAH BI;0
9786028641449;BUKU PINTAR SUKSES BELAJAR;0
9786028641388;KAMUS BHS IND MASA KINI;0
9786028641371;BUKU PINTAR MATEMATIKA UTK SD;0
9786028641296;BUKU LOGARITMA BI;0
9786028641289;BUKU KUMPULAN DOA MAKBUL BI;0
9786028568067;BUKU 63 KEBURUKAN WANITA;0
9786028446242;BUKU KHUTBAH JUM'AAT SEJUTA UMAT;0
9786028446211;BUKU 7 CARA GAMPANG JADI KAYA;0
9786028446174;BUKU RAHASIA PENGOBATAN NABI;0
9786028446150;BUKU HIDUP PENUH PAHALA;0
9786028446136;BUKU HASBUNALLAH WANI'MAL WAKIL;0
9786028446099;BUKU MUTIARA DI SAMUDRA AL FATIHAH;0
9786028446075;BUKU MISTERI DI BALIK PERINTAH SHAL;0
9786028446068;BUKU QANA'AH PASTI BAHAGIA;0
9786028446013;BUKU SUKSES&KAYA MP;0
9786028440301;KAMUS ANAK BERGAMBAR 3BHS;0
9786028440097;BUKU PINTAR IBADAH LM;0
9786028228305;BUKU SHALAT SUBUH SANGKALA;0
9786028214919;BUKU MENJADI WANITA YG DICINTAI ALL;0
9786028214742;BUKU RAHASIA AGAR PJG UMUR PM;0
9786028214643;BUKU 10 AMALAN INTI PENGHAPUS DOSA;0
9786028214629;BUKU KEISTIMEWAAN&KEAGUNGAN SHALAT;0
9786028214568;BUKU THERAPY HERBAL BACK TO NATURE;0
9786028214537;BUKU KHASIAT TANAMAN OBAT HERBAL;0
9786028214520;BUKU KEUTAMAAN&RAHASIA TAWAKKAL PM;0
9786028214469;BUKU KEHIDUPAN SESUDAH MATI;0
9786028214438;BUKU KEUTAMAAN&KEISTIMEWAAN SHALAT;0
9786028214377;BUKU MENGGAPAI PM;0
9786028214322;BUKU SUNAN KALI JAGA;0
9786028214285;BUKU 100 CARA MENGATASI TAKUT MATI;0
9786028214278;BUKU PEDOMAN SHALAT WANITA PM;0
9786028214209;BUKU MASAKAN FAVORIT KELUARGA PM;0
9786028214193;BUKU PUDING,ESKRIM&KUE BSH PM;0
9786028214070;BUKU KEAJAIBAN SHALAT TAHAJUD;0
9786028146951;BUKU RUMUS MTK SMA BI;0
9786028146906;BUKU KUMPULAN KISAH PAHLAWAN INDO;0
9786028146500;BUKU ATLAS TG;0
9786028146463;BUKU IPA-BIOLOGI;0
9786028146449;BUKU ATLAS TIPIS TG BI;0
9786028146432;BUKU ATLAS TIPIS K;0
9786028146425;BUKU ATLAS BI MR;0
9786027726000;KAMUS BHS INDO TG GARDA;0
9786023700493;BUKU PILIHAN SHALAT LENGKAP BI;0
9786022189060;BUKU KUMPULAN DOA PILIHAN BI;0
9786022188803;BUKU BERBALAS PANTUN  REMAJA BI;0
9786022188780;BUKU KISAH 25 NABI&RASUL BI;0
9786022188520;BUKU DOA ZIKIR&RUQIYAH ANTI GALAU;0
9786022188513;BUKU JGN LUKAI HATI IBUMU BI;0
9786022188360;BUKU ISTRI SOLEHAH BI;0
9786022188346;BUKU WUDHU SHALAT&DOA JUZAMMA BI;0
9786022188070;BUKU MUKJIZAT PUASA SENIN KAMIS;0
9786022187998;BUKU 99 HADIST PILIHAN ANAK MUSLIM;0
9786022187967;BUKU ISTRI CALON PENGHUNI SURGA BI;0
9786022187936;BUKU KUMPULAN DOA&SHALAWAT BI;0
9786022187929;BUKU ANEKA DOA&DZIKIR BI;0
9786022187912;BUKU KUMPULAN DOA MUJARAB BI;0
9786022187387;BUKU AYO BELAJAR SHALAT&BERDOA BI;0
9786022187349;BUKU PINTAR MEMBACA BI;0
9786022187332;BUKU PINTAR PRAKTIS MEMBACA 1B;0
9786022186946;BUKU TUNTUNAN SHALAT (B) BI;0
9786022186816;BUKU MENGENAL BUDAYA BANGSA INDO;0
9786022186656;KAMUS BHS INDO B BI;0
9786022186564;BUKU UUD 1945 B TEBAL BI;0
9786022185222;BUKU ANEKA RESEP SPESIAL KUE BASAH&;0
9786022185000;KAMUS BERGAMBAR 3BHS BI;0
9786022183501;BUKU PERCAKAPAN INDO-JEPANG BI;0
9786022183488;BUKU PERCAKAPAN INDO-CHINA BI;0
9786022182726;BUKU KUMPULAN PUISI BI;0
9786022182702;BUKU KEAJAIBAN SILATURAHMI BI;0
9786022182689;BUKU DOA&DZIKIR IBU HAMIL;0
9786022182566;BUKU RPUL BI;0
9786022182436;BUKU INTERNET UNTUK PEMULA BI;0
9786022182399;BUKU LEGENDA GUNUNG TINGGI RAJA;0
9786022182382;BUKU TIMUN MAS&RAKSASA BI;0
9786022182375;BUKU SI PAHIT LIDAH;0
9786022182016;BUKU DONGENG MALING KUNDANG BI;0
9786022181903;BUKU PENUNTUN DO'A ANAK BI;0
9786022181811;BUKU DO'A ANAK SHALEH BI;0
9786022181279;BUKU RISALAH DOA ANAK BI PJ;0
9786022181088;BUKU PINTAR BERDOA BI;0
9786022180708;BUKU PRIMBON LENGKAP BI;0
9786022180531;BUKU DAJJAL BI.;0
9786021959718;BUKU MENJADI MUSLIM YG DI CINTAI AL;0
9786021959701;BUKU DIBALIK KESULITAN ADA KEMUDAHA;0
9786021452219;BUKU AKORD PADA LAGU;0
9786021452202;BUKU PINTAR PRAMUKA;0
9786003576988;BUKU NIKMAT SEMAKIN BERTAMBAH HIDUP;0
9786003574798;BUKU 25 PENYEBAB KESULITAN HIDUP&SO;0
9781789265514;Orchard downgraphic novel, full color, 94 pages, p;0
9781789263763;POLYGON ANIMAL COLORING BOOK FOR KIDS 210x297mm;0
9771473568960;KLER KAYU 12W PJG;0
97269997028;DIARY SWEET DREAM 7729B;0
9726999702;DIARY BIASA D1099 B;0
9678685801017;BUKU 1/2 EXP SERITI 100;0
9658494364897;SIELLA EYE SHADOW+BLUSH 838;0
9637272012656;LILIN KAKI SR 083;0
9574565644562;BUKU MEWARNAI AB 3650;0
9566600201144;MOLING EGG ROLL WITH PORK;0
95634823218;MERICA BJM 100G;0
9559372091808;ABD SEROK JARING 18CM;0
9559372091600;ABD SEROK JARING 16CM;0
9559372010755;ABD PEMBUKA KALENG 75 GG/PLASTIK;0
9559372003269;ABD SENDOK GRG 328;0
9559372001883;ABD PERASAN JERUK+TTP 188;0
9558173360438;VICTORY CREAM CORN 250G;0
9557941453767;VERI CUTTLEFISH VEGETABLE 400G;0
9557941452739;VERI CUTTLEFISH PRAWN 400G;0
9557941451749;VERI CUTTLEFISH BALL 400G;0
9557941442105;VERI MINI BUN LOTUS PASTE 270G;0
9557941442099;VERI MINI BUN SUCAR COU 270G;0
9557941442051;VERI MINI BUN PEANUT 270G;0
9557941442044;VERI MINI BUN YAM 270G;0
9557941442037;VERI MINI BUN PANDAN 270G;0
9557941442020;VERI MINI BUN RED BEAN 270G;0
9557941416038;VERI FILLET SAMOSA 10'S 250G;0
9557941416021;VERI POTATO SAMOSA 10'S 250G;0
9557941414041;VERI EPOK EPOK 10'S AYAM;0
9557941414034;VERI EPOK EPOK 10'S SARDEN;0
9557941414027;VERI POTATO CURRY PUFF;0
9557941412054;VERI POTATO CHICKEN SPRING ROLLS;0
9557941412030;VERI VEGETABLE SPRINGROLLS 10'S 250;0
9557941407425;VERI CHICKEN FRANKS 340G;0
9557941406916;VERI CHICKEN NUGGET 800G;0
9557941406718;VERI CHICKEN NUGGET 400G;0
9557941404714;VERI FISH CHIPS 10'S 500G;0
9557941403618;VERI CRAB FINGER 10'S;0
9557941402611;VERI FISH NUGGET 14'S;0
9557941401614;VERI CHICKEN NUGGET 14'S;0
9557941301815;VERI PARTY DELIGHT 10X60ML S.CORN;0
9557941301716;VERI MIXED VEGETABLE 500G;0
9557941301617;VERI MIXED VEGETABLE 250G;0
9557941300238;VERI KENTANG SORT 1KG;0
9557941300221;VERI KENTANG LURUS 1KG;0
9557941300016;VERI KENTANG SHOESTRING 1KG;0
9557941213071;VERI ICE CREAM 500ML VANILA;0
9557941213064;VERI ICE CREAM 500ML STRAW;0
9557941213057;VERI ICE CREAM 500ML YAM;0
9557941213033;VERI ICE CREAM 500ML SWEET CORN;0
9557941213026;VERI ICE CREAM 500ML CHOCOLATE;0
9557941213019;VERI ICE CREAM 500ML DURIAN;0
9557941211275;VERI ICE CREAM VANILLA 1.5LT;0
9557941211268;VERI ICE CREAM STRAWBERRY 1.5LT;0
9557941211251;VERI ICE CREAM YAM 1.5LT;0
9557941211237;VERI ICE CREAM SWEET CORN 1.5LT;0
9557941211220;VERI ICE CREAM CHOCOLATE 1.5LT;0
9557941211213;VERI ICE CREAM DURIAN 1.5LT;0
9557941206431;VERI ICE DESSET 10X60ML G/B DURIAN;0
9557941206424;VERI ICE DESSET 10X60ML RED BEAN;0
9557941206400;VERI ICE DESSET 10X60ML ASSORTED;0
9557941202433;VERI PARTY DELIGHT 10X60ML DURIAN;0
9557887182349;KHOSER SHP 1000ML S. HEALLTY;0
9557887182332;HERO TUBE GEL 125ML STRONG HOLD;0
9557887182226;HERO TUBE GEL 125ML WET LOOK;0
9557887182219;HERO TUBE CREAM 125ML;0
9557887182202;KHOSER SHP 1000ML V. FULLNES;0
9557887182189;KHOSER SHP 1000ML S. SILKY;0
9557887182110;HERO TUBE GEL 125ML NORMAL HOLD;0
9557887179448;FRUISER SHOWER PUMP 1000ML GRT;0
9557887179431;FRUISER SHOWER PUMP 1000ML SEA WEED;0
9557887179424;FRUISER SHOWER PUMP 1000ML GMF;0
9557887179417;FRUISER SHOWER PUMP 1000ML UV PTH;0
9557887179400;FRUISER SHOWER PUMP 1000ML GMPP;0
9557887179196;FRUISER SC 270ML ROSE MILK;0
9557887179189;FRUISER SC 1000ML ROSE MILK;0
9557887179172;FRUISER SC 270ML GOAT'S MILK;0
9557887179165;FRUISER SC 270ML POMELO;0
9557887179158;FRUISER SC 270ML SUNFLOWER;0
9557887179141;FRUISER SC 1000ML SUNFLOWER;0
9557887179134;FRUISER SC 1000ML GOAT'S MILK;0
9557887179127;FRUISER SC 1000ML POMELO;0
9557887178335;FRUISER SHOWER HYGIENE 800ML APL;0
9557887178328;FRUISER SHOWER HYGIENE 800ML CERY;0
9557887178311;FRUISER SHOWER HYGIENE 800ML KIWI;0
9557887178304;FRUISER SHOWER HYGIENE 800ML SM;0
9557887178151;FRUISER SHOWER 800ML KIWI;0
9557887178137;FRUISER SHOWER 800ML VANILLA;0
9557887178113;FRUISER SHOWER 800ML APPLE;0
9557887173217;FRUISER SHOWER 300ML S. KIWI;0
9557887173200;FRUISER SHOWER 300ML CH. VANILLA;0
9557887173194;FRUISER SHOWER 300ML F. APPLE;0
9557887170209;HERO TUBE CREAM 150ML HC;0
9557887170193;HERO TUBE CREAM 150ML SH;0
9557887170186;HERO TUBE CREAM 150ML WL;0
9557887170179;HERO TUBE CREAM 150ML NH;0
9557887170117;HERO TUBE CREAM 150ML EXTRA SH;0
9557887166295;KHOSER SHP 1000ML S. SHINY;0
9557887166288;KHOSER SHP 300ML S.HEALTY;0
9557887166271;KHOSER SHP 300ML S. SHINY;0
9557887166240;KHOSER SHP 300ML V .FULLNESS;0
9557887166233;KHOSER SHP 300ML S. SILKY;0
9557875112839;UI MILK TEA 15X40G;0
9557875112778;UI WHITE COFFEE 15X30G;0
9557860660659;MEWAH BAWANG GORENG 250G;0
9557860660208;MEWAH SERBUK KUNYIT POKOK;0
9557860660192;MEWAH REMPAH KARI;0
9557860550271;MEWAH BIKARBONAT 100G;0
9557860550103;MEWAH GULA CASTER 400G;0
9557860550097;MEWAH GULA AISING 400G;0
9557819885218;COCOBERY GOLD COIN 200G MILK CHOC;0
9557819883214;COCOBERY GOLD COIN 350G MILK CHOC;0
9557819002622;FOOT BALL SUSU COKLAT 100'S;0
9557819002530;TYL PEANUT CHOCOLATE BALL 850G;0
9557819002523;TYL RAISIN CHOCOLATE BALL 850G;0
9557819002516;TYL MILK CHOCOLATE BALL 850G;0
9557819002387;USEFUL FOOTBALL TUBE CHOCO 100'S;0
9557819001601;CRISTELLO 75'S GOLD COIN;0
9557819001359;TIPSs MILK CHOCOLATE 25G;0
9557819001342;TIPSs PEANUT CHOCOLATE 25G;0
9557819001311;TIPSS PEANUT CHOCOLATE 85G;0
9557819001304;TIPSS MILK CHOCOLATE 85G;0
9557819000574;TIPSs PEANUT CANDY 25G;0
9557819000277;TIPSS PEANUT CANDY 100G;0
9557789820783;EJH ROMANTIK RICE CRACK 60G;0
9557789820776;EJH 60G R.DRUM STICK;0
9557789820608;EJH YAMM KELADI CREAM 60G;0
9557789820394;EJH POWER RING 60G;0
9557789820301;EJH DURIAN POP 60G;0
9557789820134;EJH POWER BEAN 45G;0
9557789820127;EJH MACO 60G;0
9557789810920;EJH MIMO BALLOONS 20'S X 10G;0
9557753109104;CP GOLDEN TEMPURA NUGGET 350G;0
9557753109098;CP FRIED CHICK ORI 500G;0
9557753109081;CP CHICK FRANK HOT&SPICY 500G;0
9557753109074;CP CHICKEN CAKE 350G;0
9557753108053;CP TOM YAM CHICK BITE 350G;0
9557753108039;CP SPICY BBQ CHICKEN 350G;0
9557753108015;CP CHICKEN STICK 350G;0
9557727929288;DOREEN SKM 505G;0
9557727929219;DOREEN SKM 1KG;0
9557727929202;DOREEN SKM 390G;0
9557727220200;DAIRY CHAMP EVAPORATED 400G;0
9557727212403;DAIRY CHAMP SKM 1KG;0
9557727212205;DAIRY CHAMP SKM 505G;0
9557709007348;MADURIA SOY CLICK 320ML;0
9557709005078;MADURIA COLA 1,25LT';0
9557709005061;MADURIA ANEKA BUAH 1,25LT;0
9557709005054;MADURIA KRIM SODA 1,25LT;0
9557709005047;MADURIA GRAPE 1,25LT';0
9557709005030;MADURIA SARSI 1,25LT';0
9557709005023;MADURIA STRAWBERRY 1,25LT;0
9557709005016;MADURIA ORANGE 1,25LT';0
9557709005009;MADURIA APPLE 1,25LT;0
9557709002039;MADURIA SARSI 500ML;0
9557709002022;MADURIA COLA 500ML;0
9557709002015;MADURIA STRAWBERRY 500ML;0
9557709001094;MADURIA ORANGE 500ML;0
9557709001087;MADURIA ANGGUR 500ML;0
9557709001070;MADURIA ZAPPLE 500ML;0
9557709000530;MADURIA GRAPE 1,25LT;0
9557681220025;EKA BIHUN 400G;0
9557678663347;LOTUS MATAISO 350G;0
9557678332809;ORKID KUE JAM 150G;0
9557678332243;ORKID BISKUIT POTONG 220G;0
9557678003617;ORKID ROTI PONG 150G;0
9557654888863;BORO COOKIES 60G ORI;0
9557654888740;BORO KUE 205G COFFEE;0
9557654888733;BORO KUE 205G DURIAN;0
9557654888726;BORO KUE 205G PANDAN;0
9557654888719;BORO KUE 205G ORIGINAL;0
9557654888634;BORO KUE 110G PANDAN;0
9557654888627;BORO KUE 110G DURIAN;0
9557654888610;BORO KUE 110G ORIGINAL;0
9557654888511;BORO COOKIES 60G PANDAN;0
9557606450599;K.ROGER'S B.COOKIES 454G RED;0
9557606450506;K.ROGER'S ALMOND&RASBERRY 400G;0
9557606450278;K.ROGER'S ALMOND&COCOA 400G;0
9557606450261;K.ROGER'S BLUEBERRY&OREN 400G;0
9557606450070;K.ROGER'S ALMOND 160G;0
9557606450049;K.ROGER'S BLUEBERRY 160G;0
9557606450018;K.ROGER'S RASPBERRY CRUNCH 160G;0
9557546400029;PENA BP 311;0
9557513000764;GITI HOME MADE KAYA 410G BIASA;0
9557513000719;GITI HOME MADE KAYA 220G PANDAN;0
9557513000627;GITI CRUNCHY 510G PEANUT;0
9557513000603;GITI CRUNCHY 200G PEANUT BUTTER;0
9557513000528;GITI CREAMY 510G PEANUT;0
9557513000504;GITI CREAMY 200G PEANUT BUTTER;0
9557513000269;GITI JEM 450G NENAS;0
9557513000252;GITI JEM 450G ORANGE;0
9557513000245;GITI JEM 450G BUAH-BUAHAN;0
9557513000078;GITI JEM 240G STRAWBERRY;0
9557513000061;GITI JEM 240G NENAS;0
9557513000054;GITI JEM 240G ORANGE MARMALADE;0
9557513000047;GITI JEM 240G BUAH-BUAHAN;0
9557513000023;GITI JEM 240G BLACKCURRANT;0
9557503801449;DELWIN PUDDING FRUIT 25'S;0
9557503801432;DELWIN PUDDING MANGO 25'S;0
9557503801159;DELWIN PUDDING LYCHEE 6'S';0
9557503800893;DELWIN PUDDING FRUIT 6'S;0
9557503800435;DELWIN PUDDING FRUIT 50'S;0
9557503800428;DELWIN PUDDING MANGGO 50'S;0
9557503800367;DELWIN PUDDING LYCHEE 6'S;0
9557503800121;DELWIN PUDDING MANGO 6'S;0
9557503800114;DELWIN PUDDING FRUIT 6'S NEW;0
9557503800008;DELWIN JELLY FRUIT 6'S;0
9557484448336;TUPAI WHITE COFFEE 20'S;0
9557484448312;TUPAI BLACK WHITE COFFEE 20'S;0
9557475006644;J9018 PENCIL WARNA KAYU;0
9557442330017;KENTUCKY 200G BSATU/MUTU WELS;0
9557419900205;GOLD TAPE ISOLASI KBL B;0
9557365501006;NAGOS SOYA BEAN 300ML;0
9557365500016;WELLSONS 310ML SOYA BEAN;0
9557365400057;UPIN & IPIN 250ML STRAWBERRY;0
9557327004729;DRYPANTS S-26;0
9557327004682;DRYPANTS S-10;0
9557327004637;DRYPERS WEE-WEE XXL 32';0
9557327004620;DRYPERS WEE-WEE XL.36;0
9557327004613;DRYPERS WEE-WEE L.44';0
9557327004606;DRYPERS WEE-WEE M.52;0
9557327004590;DRYPERS WEE-WEE S-58;0
9557327004583;DRYPERS WEE-WEE NB 64;0
9557327004576;DRYPERS WEE-WEE XXL.8;0
9557327001834;DRYPERS WEE-WEE NB28;0
9557327001827;DRYPERS WEE-WEE NB-14;0
9557327001674;DRYPERS WEE-WEE XXL-16;0
9557327001667;DRYPERS WEE-WEE XXL 3;0
9557327001476;DRYPANTS XL-18;0
9557327001469;DRYPANTS L-20;0
9557327001452;DRYPANTS M-24;0
9557327001445;DRYPANTS XL-7;0
9557327001438;DRYPANTS L-8;0
9557327001421;DRYPANTS M-10;0
9557327001063;DRYPERS WEE-WEE XL.10;0
9557327001056;DRYPERS WEE-WEE S.16;0
9557327000622;DRYPERS WEE-WEE L.12;0
9557327000615;DRYPERS WEE-WEE M.14;0
9557327000608;DRYPERS WEE-WEE XL.20;0
9557327000592;DRYPERS WEE-WEE L.24;0
9557327000585;DRYPERS WEE-WEE M.28;0
9557327000578;DRYPERS WEE-WEE S.32;0
9557305005014;MARIGOLD 250MLX6'S LEMON BARLEY;0
9557305005007;MARIGOLD 250MLX6'S LYCHEE;0
9557305004994;MARIGOLD 250MLX6'S CHRYSANTHEMUM;0
9557305004987;MARIGOLD 250MLX6'S SOYA BEAN;0
9557305004918;MARIGOLD 250ML LEMON BARLEY;0
9557305004901;MARIGOLD 250ML LYCHEE;0
9557305004895;MARIGOLD 250ML CHRYSANTHEMUM;0
9557305004888;MARIGOLD 250ML SOYA BEAN;0
9557305001320;MARIGOLD UHT 250ML LOW FAT;0
9557305000569;MARIGOLD UHT 1LT LOW FAT;0
9557301002642;FERRY BRAND FISH SAUCE;0
9557297122362;GREENBULL 250ML;0
9557297101947;CAMELLI JUICE 395ML GUAVA;0
9557297091750;CAMELLI JUICE 395ML APPLE;0
9557297091743;CAMELLI JUICE 395ML MANGGA;0
9557297091736;CAMELLI JUICE 395ML OREN;0
9557290003507;OXYGENIZER DRINKING WATER 350ML;0
9557226042426;J.J 60G CHEESE NUGGET;0
9557226042419;J.J 15G CHEESE NUGGET;0
9557226042365;J.J 60G GREEN PEA;0
9557226042358;J.J 15G GREEN PEA;0
9557226042266;J.J 60G STIK SAYURAN;0
9557226042228;J.J 15G STIK SAYURAN;0
9557226032472;J.J 60G PIZZA FLAVOURED;0
9557226032465;J.J 15G PIZZA SNACK;0
9557226032250;J.J 60G SNEK KENTANG TOMATO;0
9557226032212;J.J 15G POTATO SNACK;0
9557226022367;J.J 15G CHICKEN CRACKERS;0
9557226022213;J.J 60G SNEK AYAM;0
9557226012399;J.J 60G PRAWN CHIP;0
9557226012320;J.J 15G PRAWN CHIPS;0
9557226012313;J.J 18G PRAWN CRACKERS;0
9557226012290;J.J 15G SNEK UDANG;0
9557209100105;MODELLING NIKKI;0
9557201000403;SLOANK'S LINIMENT 75ml;0
9557194991061;DAYSON KACANG TUMBUK 100G;0
9557194991047;DAYSON 350G KUIH PONG PIA;0
9557194991030;DAYSON 350G KUIH JERRY GULA;0
9557194605166;CRYSTAL FRUIT CANDY 200G;0
9557194500225;SEASON ASSORTIES 88G;0
9557194107172;FLORA BISKUIT KELADI 60'S;0
9557194104157;PMN MOORE 126G PEANUT BUTTER;0
9557194104140;PMN MOORE 126G CHOC HAZEL;0
9557194100647;FLORA BISKUIT KELADI 90'S TOPLES;0
9557194008400;PMN KUIH NENAS 120G;0
9557194008356;PMN KOIH PERISA KELADI 120G;0
9557194007694;PMN KUIH BANGKIT 30'S;0
9557194007670;PMN BISKUIT KACANG KAYA 30'S;0
9557194007625;PMN MOORE WHITE COFFEE 30'S;0
9557194007601;PMN BISKUIT KELAPA PANDAN 30'S;0
9557194007571;PMN BISKUIT 30'S COKLAT KACANG;0
9557194007533;PMN MORE 30'S STRAWBERRY;0
9557194007526;PMN MOORE 30'S CHOC HAZEL;0
9557194007427;PMN BISKUIT BIJIRIN COKLAT 120G;0
9557194007335;PMN BISKUIT KELAPA 120G PANDAN';0
9557194007298;PMN BISCUIT PIS 120G;0
9557194007281;PMN COKLAT KACANG 120G;0
9557194007274;PMN BISKUIT KELAPA 120G KEJU;0
9557194007267;PMN MOORE 108G KACANG;0
9557194007243;FLORA BISKUT KACANG 12'S;0
9557194007229;PMN MORE 108G STRAWBERRY;0
9557194007205;PMN BISKUIT GOLDEN OAT 12'S;0
9557194007199;PMN MOORE 13'S CHOC HAZEL;0
9557194007182;FLORA BISKUIT KELADI 120G;0
9557194006871;FLORA BISKUT KACANG 40'S;0
9557194006444;PMN ROTI NASTAR 100G;0
9557194005379;PMN KUACI LABU 120G;0
9557194005317;PMN KUIH KIWI 160G;0
9557194005287;PMN SESAME CANDIES 130G;0
9557194005270;PMN PEANUT CANDIES 130G;0
9557194004426;PMN BISKUIT GOLDEN OAT 30'S;0
9557194004372;FLORA BISKUIT KELADI 30'S;0
9557194004303;MOORE BISKUIT KACANG 300G;0
9557194004280;FLORA BISKUT KACANG 30'S;0
9557194004242;PMN MORE 40'S STRAWBERRY;0
9557194004211;FLORA BISKUIT KELADI 40'S;0
9557194004112;PMN MOORE 40'S CHOC HAZEL;0
9557194002743;PMN BISKUT FANTASI 150G;0
9557194002279;FLORA BISKUT MARZOLA BIJAN 40'S;0
9557194002262;BISKUIT PIS 280G;0
9557194001777;BISKUIT KELADI 600G;0
9557194001098;PMN KACANG TUMBUK 120G;0
9557194000442;PMN BISKUIT TELINGA 120G;0
9557194000275;PMN KUIH JED 130G COCONUT;0
9557194000169;PMN BISKUIT KELAPA 120G PANDAN;0
9557194000152;PMN KUIH PITAYA 120G STRAWBERRY;0
9557194000107;PMN ROTI PONG 120G;0
9557194000084;PMN ZUHARA KUIH JEM 120G;0
9557154240130;D040 HEI HWANG WHITE COFFEE 4IN1;0
9557154240024;D037 HEI HWANG WHITE COFFEE 3IN1;0
9557154220156;D026 HEI HWANG SOYA BEAN 500G;0
9557152513502;ORIGINAL COCONUT COOKIES 130G;0
9557152513410;SAGO COCONUT COOKIES 130G;0
9557152513403;YAM COCONUT COOKIES 130G;0
9557152300157;SKS TROPICLAND SAGO 120G YAM;0
9557152300140;SKS TROPICLAND SAGO 120G ORI;0
9557152300133;SKS TROPICLAND COCONUT 120G COFFEE;0
9557152300126;SKS TROPICLAND COCONUT 120G PANDAN;0
9557152300119;SKS TROPICLAND COCONUT 120G ORI;0
9557152300041;SKS MR KELAPA 150G;0
9557152300034;SKS COCONUT BITES 216G;0
9557152300010;COCONUT BISKUIT 180G SKS;0
9557152000071;SKS MINI COCO 2 IN 1;0
9557152000057;SKS MINI COCO 120G;0
9557136886639;K.ROGER'S B.COOKIES 454G BL/GLD/RED;0
9557126216026;BENNS SELECTED CHOCOLATE 140G;0
9557120000171;SUNTA 330ML TONGKAT ALI;0
9557109007153;LEM LIMAR CAIR RSGF 50;0
9557109003223;WATER COLOR LIMAR PT 180;0
9557109003216;WATER COLOUR LIMAR 120;0
9557109003209;WATER COLOR LIMAR 12W;0
9557109002615;TYPE-X E12M LIMAR;0
9557109002257;TYPE-X P12M LIMAR;0
9557097133889;WANFA SNACK IKAN 120G;0
9557097122883;WANFA SNEK IKAN 50G;0
9557097111887;WANFA SNACK IKAN 12G;0
9557063106404;SARIPATI KURMA 600G;0
9557063104653;SARIPATI KURMA BERTANGKAI 500G;0
9557063103304;ASAM JAWA 200G BUNGA RAYA;0
9557062500449;DOUBLE-D CORNTOS 70G KEJU;0
9557062500104;DOUBLE-D 3D 60G HEARTS;0
9557062500067;DOUBLE-D 3D 60G MEXICAN CHEESE;0
9557062500036;DOUBLE-D CORNTOS 70G CHICKEN;0
9557062331210;MISTER POTATO TUBE 160G CHEESE&ONIO;0
9557062331203;MISTER POTATO TUBE 160G PAPRIKA;0
9557062331166;MISTER POTATO TUBE 160G VEG;0
9557062331159;MISTER POTATO TUBE 160G HOT&SPICY;0
9557062331142;MISTER POTATO TUBE 160G BBQ;0
9557062331135;MISTER POTATO TUBE 160G SC&ON;0
9557062331128;MISTER POTATO TUBE 160G ORIGINAL;0
9557062331111;MISTER POTATO TUBE 160G TOMATO;0
9557062331104;MISTER POTATO TUBE 160G CHEESE;0
9557062321150;MISTER POTATO TUBE 45G HOT & SPICY;0
9557062321143;MISTER POTATO TUBE 45G BBQ;0
9557062321136;MISTER POTATO TUBE 45G S.C & ONION;0
9557062321129;MISTER POTATO TUBE 45G ORIGINAL;0
9557062321112;MISTER POTATO TUBE 45G TOMATO;0
9557046005779;CHAMS EMOLSION 350ML ORANGE;0
9557046002211;CHAMS EMOLSION 200ML;0
9557040125084;PESTA 1,25LT GRAPE;0
9557040125077;PESTA 1,25LT ROOT BEER;0
9557040125060;PESTA 1,25LT ISOTONIC;0
9557040125053;PESTA 1,25LT ICE CREAM SODA;0
9557040125046;PESTA 1,25LT STRAWBERRY;0
9557040125039;PESTA 1,25LT COLA;0
9557040125022;PESTA 1,25LT SARSI;0
9557040125015;PESTA 1,25LT OREN;0
9557026322896;LARUTAN 200ML CAP KUDA LAUT;0
9557008209429;T-TIME JEM BLUEBERY 440G;0
9557008209221;T-TIME JEM BLUEBERRY 240G;0
9557008208224;T-TIME JEM APPLE 240G;0
9557008207463;T-TIME JEM STRAWBERRY 440G;0
9557008207265;T-TIME JEM STRAWBERRY 240G;0
9557008206466;T-TIME JEM RASBERRY 440G;0
9557008206268;T-TIME JEM RASBERRY 240G;0
9557008205469;T-TIME JEM NENAS 440G;0
9557008205261;T-TIME JEM PINEAPPLE 240G;0
9557008204264;T-TIME JEM ORANGE MARMALADE 240ML;0
9557008203465;T-TIME JEM MIX FRUIT 440G;0
9557008203267;T-TIME JEM MIXEDFRUIT 240ML;0
9557008202468;T-TIME JEM BLACKCURANT 440G;0
9557008202260;T-TIME JEM BLACKCURRANT 240G;0
9557008201263;T-TIME JEM APRICOT 240G;0
9557008101129;T-TIME JEM EGG KAYA 240G;0
9557008101112;T-TIME JEM PANDAN KAYA 240G;0
9557008019011;T-TIME JEM PEANUT BUTTER COKLAT 170;0
9557008017017;T-TIME JEM PEANUT BUTTER 170G;0
9557008001009;T-TIME JEM FRUIT JAM 90GX4'S;0
9556995121059;TURBO TARO COOKIES;0
9556989602663;A1 KAYA;0
9556989602656;A1 KAYA PANDAN;0
9556960211198;KOKO TIGER 18G;0
9556958338708;SUNLAC 600G SUSU TEPUNG SKIM;0
9556956014017;APO BOY-BOY 15'S STRAW (1033);0
9556956013010;APO BOY-BOY 15'S ORANGE (1033E);0
9556956011016;APO BOY-BOY 15'S MILK (1028);0
9556923003525;KINOS POTATO 75G HOT&SPICY;0
9556923003518;KINOS POTATO 75G PIZZA;0
9556923003501;KINOS POTATO 75G BBQ;0
9556923003488;KINOS POTATO 75G ORIGINAL;0
9556923003020;NINI CHOCOLATE DIP STICKS 40G;0
9556923002689;KINOS HIRO COOL MILK 24'S;0
9556923002672;KINOS HIRO COLL STRAW 24'S;0
9556923002665;KINOS HIRO COOL PANDAN 24'S;0
9556923002498;KINOS HIRO ROLL 24'S COCONUT;0
9556923002481;KINOS HIRO ROLL 24'S MILK;0
9556923002368;KINOS TIGER PIE 24'S STRAWBERRY;0
9556923002351;KINOS TIGER PIE 24'S PANDAN;0
9556923002344;KINOS TIGER PIE 24'S CHOCOLATE;0
9556923002306;KINOS KEK 24'S VANILLA COKLAT;0
9556923002290;KINOS KEK 24'S PANDAN FLAVOUR;0
9556923002283;KINOS KEK 24'S TIRAMISU FLAVOUR;0
9556923002276;KINOS KEK 24'S STRAWBERRY FLAVOUR;0
9556923002269;KINOS KEK 24'S ORIGINAL FLAVOUR;0
9556923002214;KINOS CAKE HIRO PANDAN 24'S;0
9556923002207;KINOS MIZU CAKE 6'S DOUBLE CHOCO;0
9556923002191;KINOS MIZU CAKE 6'S STRAW;0
9556923002184;KINOS MIZU CAKE 6'S CUSTARD;0
9556923002177;KINOS CAKE HIRO CUSTARD 6'S;0
9556923002153;KINOS MIZU CAKE 24'S STRAWB;0
9556923002030;KINOS GOLDEN FRUIT CAKE 400G;0
9556923001972;NINI PANDAN DIP STICKS 40G;0
9556923001866;KINOS GIGI 40'S JEJARI JAGUNG;0
9556923001842;KINOS BIG Q 18X8G;0
9556923001811;GIGI KINOS 10'S STRAW;0
9556923001781;KINOS LALA 18gX10pcs;0
9556923001774;GIGI KINOS 10'S CHOCO;0
9556923001767;KINOS WAWA 8X18'S;0
9556923001750;KINOS BIG Q 18X6G;0
9556923001743;KINOS QIQI JAGUNG 6GX18pcs;0
9556923001729;KINOS SUMMI PUDDING 750ML ASST;0
9556923001705;KINOS CHOCOLATE BALL 350G;0
9556923001688;KINOS GIGI 40'S HONEY LEMON;0
9556923001668;KINOS SUMMI PUDDING 750G MANGGO;0
9556923001576;KINOS WAWA 60's;0
9556923001491;KINOS CAKE HIRO STRW 24'S;0
9556923001392;KINOS CAKE HIRO RAISIN 24'S;0
9556923001200;KINOS MIZU CAKE 24'S DOUBLE CKL;0
9556923001194;KINOS MIZU CAKE 24'S BUTTER;0
9556923000692;KINOS ASSORT 20'S/300G BOX;0
9556923000685;KINOS MANGGO PUDDING 15Gx20'S;0
9556923000432;KINOS GIGI 40'S STRAWBERRY;0
9556923000425;KINOS GIGI 40'S OREN;0
9556923000401;KINOS CAKE HIRO 24'S CHOCO;0
9556923000395;KINOS LALA COKLAT 40'SX18G;0
9556923000388;NINI STRAWBERRY STICKS 40G;0
9556923000241;KINOS POPO CUP JELLY 18'S/342G;0
9556923000135;KINOS GIGI 40'S CHOCOLATE;0
9556923000128;KINOS WAWA 60'S JAGUNG CKL;0
9556923000074;KOKO CKL CORN STICK 40'S;0
9556923000050;NINI PEANUT BUTTER STICKS 40G;0
9556923000036;NINI CHOCO STICKS 40G;0
9556916000012;ICE BLUE 10'S;0
9556866330870;SUNTA 330ML LYCHEE;0
9556866330863;SUNTA 325ML WATER CHESTNUT;0
9556866330856;SUNTA 330ML SOYA BEAN;0
9556866330849;SUNTA 325ML WINTER MLN TEA;0
9556866330832;SUNTA 330ML CINCAU;0
9556866330825;SUNTA 330ML TEH BUNGA;0
9556866330818;SUNTA 330ML BIRD NEST;0
9556863933357;RD SWEET GIFT ALMOND 130G;0
9556863933333;RD EXTRA FINE 240G;0
9556863900243;SK CHOCO TWIST COOKIES 260G;0
9556863900229;SK CHOCO TWIST DURIAN 260G;0
9556863900212;SK CHOCO TWIST PEANUT 260G;0
9556863900205;SK CHOCO TWIST RAISIN 260G;0
9556863900168;SK GIFT PACK CHOCOLATE 25GX6'S;0
9556863900120;SK CHOCOBIS 80G ALMOND;0
9556863900113;SK CHOCOBIS 80G PEANUT;0
9556863900038;SK SWEET GIFT CHOCO 12'S;0
9556863900021;RD GIFT PACK CHOCOLATE 45GX8'S;0
9556863900014;RD GIFT PACK 45Gx4'S;0
9556863812812;SK CHOCO FOOT BALL 685G;0
9556863812805;SK CHOCOLATE FOOTBALL 685G;0
9556863812768;SK CHOCO ELIPSE ALMOND 685G;0
9556863812744;SK CHOCO TWIST COOKIES 685G;0
9556863812737;SK CHOCO TWIST RAISIN 685G;0
9556863812720;SK CHOCO TWIST PEANUT 685G';0
9556863812614;RDD KAVANA 30G ALMOND CCNT;0
9556863812607;SK GIFT PACK CHOCOLATE 25GX4'S;0
9556863812522;SK CHOCOLATE 8X45GR GIFT PACK;0
9556863812515;SK CHOCOLATE 4X45GR GIFT PACK;0
9556863812508;SK SWEET GIFT ELIPSE ALMOND 260G;0
9556863812454;RDD KAVANA 30G ALMOND HONEYDEW;0
9556863812447;RDD KAVANA 30G ALMOND MINT;0
9556863812195;SK SPYTER MILK CHOC 12GX5'S;0
9556863812157;SK CHOCO FOOTBALL TUBE 140G;0
9556863812133;SK CHOCO BALL BUTTER 60'SX7G;0
9556863812126;SK COCO BALL KUNING 60'SX7G;0
9556863812096;SK CHOCO ELIPSE ALMOND 320G;0
9556863812065;SK CHOCOLATE 8X30GR GIFT PACK;0
9556863812058;SK MILK CHOCOLATE 10GX10S;0
9556863812041;SK FRUITS CHOCOLATE 10X10'S;0
9556863812034;SK ALMOND CHOCOLATE 10GX10'S;0
9556863812027;RD ELIPSE ALMOND 140G;0
9556863812010;SK SWEET GIFT LOVE 280G;0
9556863812003;SK SWEET GIFT CHOCO 260G;0
9556863811983;RD GIFT PACK 90Gx4'S;0
9556863800017;SK GIGIMON MILK CHOCOLATE 10GX10'S;0
9556863711917;SK CHOCO TWIST 120'S RAISIN JAR;0
9556863711900;SK CHOCO TWIS 120'S ELIPSE ALMON;0
9556863711887;SK ELIPSE ALMOND CHOCO 120G;0
9556863711740;SK ROUNDIES CHOCO PVC 130G;0
9556863711696;SK CHOCO LOVE 340G;0
9556863711672;SK LOVE CHOCO PVC 130G;0
9556863700119;SK SWEET GIFT CASHEW 260G;0
9556863700041;RD FOREVER GOLD/SILVER 200G;0
9556863600105;SK CHOCO RINGS 70G;0
9556863600082;SK TOLA SNACK CHICKEN 70G;0
9556863600075;SK TOLA SNACK BBQ 70G;0
9556863600044;SK CHEEZY BALLS 70G;0
9556863600037;SK CHEEZY RINGS 70G;0
9556863501358;SK ALMOND 600G;0
9556863501341;SK CASHEWNUT 600G;0
9556863500894;SK CHOCO TWIST PEANUT 685G;0
9556863500801;RD 75G DARK RAISIN;0
9556863500795;RD 75G DARK CHOCOLATE;0
9556863500788;RD 75G DARK ALMOND NUT;0
9556863500771;RD 75G DARK CASHEWNUT;0
9556863500429;COBAR FRUITNUT CHOCOLATE 900G;0
9556863500412;COBAR MILK CHOCOLATE 900G;0
9556863500290;COBAR CASHEWNUT CHOCOLATE 900G;0
9556863500283;COBAR ALMOND CHOCOLATE 900G;0
9556863500238;SK CHOCO TWIST DURIAN 685G;0
9556863430887;SK CHOCO TWIST 120'S COOKIES JAR;0
9556863430801;SK CHOCO TWIST 120'S PEANUT JAR;0
9556863430603;SK CHOCO BISCUIT PVC 100G;0
9556863430405;SK CHOCO FINGER PVC 120G;0
9556863400149;RD MINI CHOCO BAR 120G FRUITS;0
9556863400132;RD MINI CHOCO BAR 120G CASHEW;0
9556863400125;RD MINI CHOCO BAR 120G ALMOND;0
9556863400118;RD MINI CHOCO BAR 120G MILK;0
9556863334437;RDD ELIPSE 240G CASHEWNUT;0
9556863334420;RDD ELIPSE 240G ALMOND;0
9556863333942;RD 130G CASHEWNUT;0
9556863333935;RD 130G FRUIT NUT;0
9556863333928;RD 130G BLACKFOREST;0
9556863333782;RD 130G MILK;0
9556863333775;RD 130G ALMOND;0
9556863333287;SK CHOCO TWIST RAISIN/NUT/CKS 300';0
9556863333270;SK CHOCO TWIST RAISIN 300G;0
9556863333140;SK CHOCO ELIPSE CHASEWNUT 685G;0
9556863333089;SK CHOCO TWIST DURIAN 300G;0
9556863333072;SK CHOCO TWIST DURIAN 120G;0
9556863333058;SK CHOCO ELIPSE CASHEW 260G;0
9556863330736;SK CHOCO TWIST COOKIES 120G;0
9556863330712;SK CHOCO TWIST PEANUT 120G;0
9556863330705;SK CHOCO TWIST RAISIN 120G;0
9556863220457;SK FOOTBALL 280G;0
9556863220396;RD COBAR ASSORTED 280G;0
9556863220372;RD COBAR ALMOND 280G;0
9556863220358;SK CHOCO TWIST DURIAN 140G;0
9556863220341;RD ELIPSE CASHEW NUT 140G;0
9556863220242;SK CHOCO TWIST COOKIES 140G;0
9556863220228;SK CHOCO TWIST RAISIN 140G;0
9556863220204;SK CHOCO TWIST PEANUT 140G;0
9556863110130;SK CHOCO TWIST RAISIN/NUT/CKIES 300;0
9556863110123;SK CHOCO FOOTBALL 260G;0
9556854006688;MR RIGHT WHITE COFFEE 3IN1 40GX15I;0
9556852990378;EVER D. 454G DANISH (BR TUA);0
9556852990347;EVER D. 454G DANISH (MRH);0
9556852990323;EVER D. 454G DANISH (BR MUDA);0
9556852990316;EVER D.COOKIES 500G GREEN PEAS TIN;0
9556852990309;EVER D.COOKIES 500G YAM TIN;0
9556852990262;EVER D.COOKIES 600G SAKURA;0
9556852990255;EVER D.COOKIES 700G SWEETY;0
9556852990248;EVER D. HARMONY RED 700G;0
9556852990231;EVER D.COOKIES 600G FORTUNE;0
9556852990224;EVER D.COOKIES 600G CELEBRATE;0
9556852990200;EVER D.COOKIES 600G MAYFAIR;0
9556852990194;EVER D.COOKIES 500G DANNY;0
9556852990095;EVER D.COOKIES 650G ROYAL GRAND;0
9556852990088;EVER D.COOKIES 600G KAREY'S;0
9556852990057;EVER D.COOKIES 600G VENITIA;0
9556852990033;EVER D.COOKIES 700G RAPTURE;0
9556852711119;EVER D. 300G CHOCOLATE;0
9556852711102;EVER D. 300G CHOCO CHIP;0
9556852711096;EVER D. 300G STRAWBERRY;0
9556852711089;EVER D. 300G CHEESE;0
9556852711072;EVER D. 300G GREEN PEAS;0
9556852711065;EVER D. 300G YAM;0
9556852711058;EVER D.COOKIES 400G CHEESE;0
9556852711003;EVER D. FANCY 150G GREEN PEA;0
9556852710990;EVER D. 120G APPLE JEM;0
9556852710976;EVER D. 120G PINEAPPLE JAM;0
9556852710969;EVER D. 120G BLUEBERRY JEM;0
9556852710952;EVER D. 120G CHOC CHIPS;0
9556852710921;EVER D. 120G CHOC CREAM;0
9556852710914;EVER D. 120G STRAWBERRY JEM;0
9556852710853;WAWABIS 150G MOCHA;0
9556852710846;EVER D.COOKIES 400G CHOCOLATE;0
9556852710839;WAWABIS 50G CHOCOLATE CREAM;0
9556852710822;WAWABIS 50G CHOCOLATE CHIPS;0
9556852710815;WAWABIS 50G ALMOND NIPS;0
9556852710808;WAWABIS 50G STRAWBERRY;0
9556852710792;EVER D.COOKIES 400G GREEN PEAS;0
9556852710754;WAWABIS 50G PANDA COCOA;0
9556852710747;WAWABIS 50G LION MILKY;0
9556852710723;WAWABIS 150G CHOC COOKIES;0
9556852710716;WAWABIS 150G STRAWB COOKIES;0
9556852700137;EVER D.COOKIES 400G YAM;0
9556852700113;EVER D.COOKIES 400G PEANUT;0
9556852680651;LEMON TREE 100G ALMOND&C.CHIP;0
9556852680392;EVER D. FANCY 150G CASHEWNUT;0
9556852680347;EVER D. FANCY 150G TARO;0
9556852680330;EVER D. FANCY 150G SESAME;0
9556852680323;EVER D. FANCY 150G PEANUT;0
9556852680262;EVER D. FANCY 150G COCONUT;0
9556842952368;NOTE'S 404 BAMBU;0
9556805002486;EVERGREEN 425G CHAMPIGNONS;0
9556795223014;ADCARE ADULT DIAPERS L.8;0
9556793900344;TWIST 20G CURRY CHICKEN;0
9556793900337;TWIST 20G CHICKEN FLAVOUR;0
9556793900320;TWIST 20G CHILI FLAVOUR;0
9556793513681;TWIST 70G HOT & SPICY;0
9556793513674;TWIST 70G YAKINIKU BBQ;0
9556793513667;TWIST 70G TANDOORI CHICKEN;0
9556793513551;MINI TOAST 42G TANDORI CHICKEN;0
9556793513544;MINI TOAST 42G GARLIC;0
9556793513537;MINI TOAST 42G CHEESE;0
9556793513520;MINI TOAST 42G BUTTER;0
9556793512448;CV TWISTER 80G CHEESE;0
9556781103603;STAPLER MAX HD 50;0
9556781003101;J9014 MAX STAPLES 1000'S;0
9556771000783;AC INSTANT TEH TARIK 50'SX20G;0
9556771000776;AC INSTANT COFFEE MIX 50'SX20G;0
9556771000646;AC WHITE COFFEE TARIK 120G;0
9556771000554;AC INSTANT TEH TARIK 15'SX40G;0
9556771000523;AC VITA FLAKES INSTANT CEREAL 20'S;0
9556771000516;AC FRUITY LEMON TEA 20'S;0
9556771000493;AC INSTANT ICE COFFEE 20X20G;0
9556771000479;AC INSTANT COCOA COFFEE 15X25G;0
9556771000431;AC 2IN1 SUMMER COFFEE 25X15G;0
9556771000424;AC INSTANT HAI-NAN COFFEE 20X25G;0
9556771000325;AC INSTANT COFFEE TEA 25X20G;0
9556771000318;AC INSTANT COFFEE TARIK 15X40G;0
9556771000295;AC INSTANT CAPPUCCINO 12X25G;0
9556771000097;AC INSTANT COFFEE MIX 30X20G;0
9556771000028;AC INSTANT KOPI O 20'SX10G BAG;0
9556765251610;SUNNY PANDAN SPREAD 200G;0
9556765151118;SUNNY KAYA SPREAD 200G ORIGINAL;0
9556765053603;SUNNY PEANUT BUTTER 160G CRUNCHY;0
9556765053511;SUNNY STRAWBERRY JAM 220G;0
9556765053504;SUNNY PEANUT BUTTER 160G CREAMY;0
9556765051128;SUNNY MIXED FRUITS JAM 220G;0
9556760805603;INO BRAND FISH BALL 400G;0
9556760805573;INO BRAND CRAB NUGGET 400G;0
9556760804699;INO BRAND FOUR COLOUR ROLL 380G;0
9556760804644;INO BRAND OCEAN TREASURE 400G;0
9556760804620;INO BRAND CRAB CLAW 400G;0
9556755010012;BLUE KEY SELF RAISING 1KG;0
9556740990480;MINYAK YU YEE CAP LIMAU 48ML;0
9556707860061;KIKI MANISAN SEGI 8 700G;0
9556705005617;KENTUCKY 200G PUAS SDS;0
9556654003832;ADCARE ADULT DIAPERS M.10;0
9556638922289;DANISH KISSES 454G B.COOKIES;0
9556638652599;CHOICE SEAWORLD 100G BUTTER;0
9556638652568;CHOICE SEAWORLD 100G COKLAT;0
9556638652520;DANISH KISSES 200G B.COOKIES;0
9556638652513;CHOICE OCEAN DELIGHT 200G;0
9556638652506;CHOICE OCEAN FUN 200G COKLAT;0
9556627000134;PERISA STAR 25ML VANILA;0
9556627000110;PERISA STAR 25ML STRAWBERRY;0
9556627000103;PERISA STAR 25ML ROSE;0
9556627000080;PERISA STAR 25ML PANDAN;0
9556627000081;PERISA STAR 25ML BLUEBERRY;0
